{
    "tienda": {
        "nombre": "Mi Tienda Online",
        "categorias": [
            {
                "id": 1,
                "nombre": "Electrónica",
                "productos": [
                    {
                        "id": 101,
                        "nombre": "Smartphone",
                        "precio": 999.99,
                        "descripcion": "El último smartphone del mercado.",
                        "caracteristicas": {
                            "pantalla": "6.5 pulgadas",
                            "camara": "48 MP",
                            "bateria": "4500 mAh"
                        },
                        "imagenes": ["...", "..."],
                        "inventario": 10
                    },
                    {
                        "id": 103,
                        "nombre": "Tablet",
                        "precio": 599.99,
                        "descripcion": "Tablet con pantalla de alta resolución.",
                        "caracteristicas": {
                            "pantalla": "10 pulgadas",
                            "camara": "12 MP",
                            "bateria": "8000 mAh"
                        },
                        "imagenes": ["imagen1.png", "imagen2.png"],
                        "inventario": 15
                    }
                ]
            },
            {
                "id": 2,
                "nombre": "Hogar",
                "productos": [
                    {
                        "id": 201,
                        "nombre": "Aspiradora",
                        "precio": 299.99,
                        "descripcion": "Aspiradora de alta potencia.",
                        "caracteristicas": {
                            "potencia": "1200W",
                            "peso": "3 kg",
                            "ruido": "65 dB"
                        },
                        "imagenes": ["aspiradora1.png", "aspiradora2.png"],
                        "inventario": 20
                    },
                    {
                        "id": 202,
                        "nombre": "Purificador de aire",
                        "precio": 149.99,
                        "descripcion": "Purificador con filtro HEPA.",
                        "caracteristicas": {
                            "area_cubierta": "30 m²",
                            "nivel_ruido": "30 dB",
                            "energia": "50W"
                        },
                        "imagenes": ["purificador1.png", "purificador2.png"],
                        "inventario": 10
                    }
                ]
            }
        ],
        "usuarios": [
            {
                "id": 1,
                "nombre": "Juan Pérez",
                "email": "juanperez@example.com",
                "direccion": {
                    "calle": "Calle Principal",
                    "numero": 123,
                    "ciudad": "Madrid",
                    "pais": "España"
                },
                "historialCompras": [
                    {
                        "productoId": 101,
                        "cantidad": 2,
                        "fecha": "2023-11-14"
                    },
                    {
                        "productoId": 103,
                        "cantidad": 1,
                        "fecha": "2023-12-03"
                    }
                ]
            },
            {
                "id": 2,
                "nombre": "María López",
                "email": "marialopez@example.com",
                "direccion": {
                    "calle": "Avenida Secundaria",
                    "numero": 456,
                    "ciudad": "Barcelona",
                    "pais": "España"
                },
                "historialCompras": [
                    {
                        "productoId": 103,
                        "cantidad": 1,
                        "fecha": "2023-12-01"
                    },
                    {
                        "productoId": 202,
                        "cantidad": 2,
                        "fecha": "2023-12-04"
                    }
                ]
            }
        ]
    }
}
